DGUID,SoVI,Latitude,Longitude,geometry,area
2021S051259150307,41.51490934,49.289,-123.026,-123.026  49.289,295589.2273
2021S051259150308,35.59992457,49.284,-123.026,-123.026  49.284,109179.0761
2021S051259150309,44.146151,49.283,-123.03,-123.03  49.283,111904.3784
2021S051259150310,45.16915944,49.282,-123.026,-123.026  49.282,109224.7438
2021S051259150311,46.88440432,49.279,-123.029,-123.029  49.279,80935.21867
2021S051259150312,44.04264894,49.279,-123.026,-123.026  49.279,86507.00977
2021S051259150313,53.94040387,49.276,-123.028,-123.028  49.276,171780.676
2021S051259150328,40.59889476,49.272,-123.026,-123.026  49.272,229418.8766
2021S051259150329,48.72507935,49.272,-123.032,-123.032  49.272,308541.8608
2021S051259150330,47.60222098,49.274,-123.036,-123.036  49.274,78201.18845
2021S051259150331,52.97307779,49.272,-123.038,-123.038  49.272,154408.6984
2021S051259150332,51.02496005,49.274,-123.041,-123.041  49.274,111814.2119
2021S051259150333,50.82502979,49.271,-123.042,-123.042  49.271,99621.28778
2021S051259150334,46.08500764,49.274,-123.046,-123.046  49.274,87757.88405
2021S051259150335,51.40775482,49.271,-123.047,-123.047  49.271,95660.69122
2021S051259150336,42.46551224,49.271,-123.051,-123.051  49.271,135736.2345
2021S051259150337,43.29779387,49.272,-123.055,-123.055  49.272,97867.71735
2021S051259150338,40.29310845,49.274,-123.055,-123.055  49.274,75286.28974
2021S051259150339,44.82526853,49.274,-123.059,-123.059  49.274,97086.18138
2021S051259150340,46.45264624,49.276,-123.054,-123.054  49.276,79280.82163
2021S051259150341,47.57462193,49.277,-123.061,-123.061  49.277,64632.56083
2021S051259150342,37.63857659,49.275,-123.061,-123.061  49.275,80278.96625
2021S051259150343,32.39207742,49.275,-123.064,-123.064  49.275,60746.61389
2021S051259150344,37.69624371,49.273,-123.064,-123.064  49.273,58239.38556
2021S051259150345,34.87541912,49.273,-123.069,-123.069  49.273,85315.99239
2021S051259150346,38.39075487,49.271,-123.067,-123.067  49.271,68951.86333
2021S051259150347,40.0382748,49.271,-123.07,-123.07  49.271,65657.13812
2021S051259150348,36.5467619,49.272,-123.072,-123.072  49.272,39211.30791
2021S051259150349,43.02660425,49.273,-123.073,-123.073  49.273,35780.01697
2021S051259150350,69.61824043,49.272,-123.076,-123.076  49.272,101982.6611
2021S051259150351,34.25919318,49.27,-123.073,-123.073  49.27,28300.52684
2021S051259150352,61.70618293,49.269,-123.075,-123.075  49.269,56094.28764
2021S051259150353,43.11147587,49.269,-123.072,-123.072  49.269,41572.9217
2021S051259150354,42.93839413,49.268,-123.071,-123.071  49.268,43047.99651
2021S051259150355,57.01027196,49.266,-123.072,-123.072  49.266,27452.30181
2021S051259150356,38.3564195,49.266,-123.068,-123.068  49.266,85221.75598
2021S051259150357,48.18902465,49.265,-123.072,-123.072  49.265,86904.29699
2021S051259150358,31.43189479,49.264,-123.068,-123.068  49.264,86754.06654
2021S051259150359,51.3589109,49.263,-123.073,-123.073  49.263,42193.2728
2021S051259150360,47.50046159,49.262,-123.069,-123.069  49.262,88050.23263
2021S051259150361,41.75416503,49.26,-123.072,-123.072  49.26,56136.08895
2021S051259150362,45.58402466,49.26,-123.068,-123.068  49.26,56000.96579
2021S051259150363,34.69058438,49.258,-123.072,-123.072  49.258,97135.28941
2021S051259150364,37.03785417,49.258,-123.068,-123.068  49.258,57779.67618
2021S051259150365,37.99288141,49.255,-123.068,-123.068  49.255,67520.77981
2021S051259150366,43.50989814,49.255,-123.073,-123.073  49.255,117286.8732
2021S051259150367,42.34117175,49.253,-123.069,-123.069  49.253,101428.4422
2021S051259150368,46.17404233,49.253,-123.074,-123.074  49.253,74101.8032
2021S051259150369,47.4164625,49.251,-123.072,-123.072  49.251,77504.69398
2021S051259150371,44.7814471,49.253,-123.078,-123.078  49.253,71209.45409
2021S051259150373,36.58050401,49.25,-123.081,-123.081  49.25,117227.8518
2021S051259150375,50.65801823,49.246,-123.082,-123.082  49.246,73801.11565
2021S051259150376,42.81478927,49.246,-123.084,-123.084  49.246,67478.35677
2021S051259150377,38.43426228,49.244,-123.086,-123.086  49.244,66880.24362
2021S051259150378,46.6393441,49.244,-123.089,-123.089  49.244,57861.35755
2021S051259150379,44.23986951,49.241,-123.088,-123.088  49.241,79974.93686
2021S051259150380,49.4394295,49.239,-123.089,-123.089  49.239,56795.55117
2021S051259150381,43.18755867,49.239,-123.085,-123.085  49.239,72685.4856
2021S051259150382,46.4550178,49.237,-123.088,-123.088  49.237,66575.34109
2021S051259150383,41.0882568,49.237,-123.084,-123.084  49.237,63371.08957
2021S051259150384,41.33526752,49.236,-123.088,-123.088  49.236,58048.89207
2021S051259150385,45.34106358,49.235,-123.083,-123.083  49.235,68768.71561
2021S051259150386,49.08411356,49.234,-123.087,-123.087  49.234,111555.155
2021S051259150387,50.68562862,49.234,-123.082,-123.082  49.234,63652.10698
2021S051259150388,52.91652866,49.231,-123.087,-123.087  49.231,281174.9073
2021S051259150389,54.97260072,49.231,-123.081,-123.081  49.231,102279.2485
2021S051259150390,49.65218989,49.227,-123.082,-123.082  49.227,114792.3235
2021S051259150391,68.11259297,49.229,-123.078,-123.078  49.229,67004.51586
2021S051259150392,53.3392715,49.227,-123.077,-123.077  49.227,136774.4857
2021S051259150393,46.39810308,49.227,-123.073,-123.073  49.227,83462.32505
2021S051259150394,59.11433112,49.227,-123.07,-123.07  49.227,78923.09683
2021S051259150395,61.34898018,49.229,-123.067,-123.067  49.229,79292.8218
2021S051259150396,68.98444233,49.231,-123.07,-123.07  49.231,125797.9841
2021S051259150397,55.01770382,49.23,-123.073,-123.073  49.23,59630.16435
2021S051259150398,42.4648447,49.231,-123.075,-123.075  49.231,64009.44609
2021S051259150399,52.95554876,49.232,-123.078,-123.078  49.232,65396.19533
2021S051259150400,57.57750906,49.234,-123.077,-123.077  49.234,95767.78086
2021S051259150401,54.32971508,49.235,-123.073,-123.073  49.235,92648.035
2021S051259150402,45.44660972,49.237,-123.076,-123.076  49.237,170393.8919
2021S051259150403,49.21785064,49.238,-123.072,-123.072  49.238,94896.59741
2021S051259150404,47.71293889,49.239,-123.07,-123.07  49.239,56436.57351
2021S051259150405,52.05574082,49.239,-123.067,-123.067  49.239,65425.09284
2021S051259150406,53.74118822,49.241,-123.069,-123.069  49.241,111779.4028
2021S051259150407,58.46862863,49.243,-123.071,-123.071  49.243,97082.44713
2021S051259150408,52.89829962,49.245,-123.068,-123.068  49.245,81861.66976
2021S051259150409,54.02452568,49.245,-123.07,-123.07  49.245,59610.17505
2021S051259150410,44.28674259,49.246,-123.072,-123.072  49.246,86838.04181
2021S051259150412,53.02696536,49.246,-123.078,-123.078  49.246,59049.10306
2021S051259150414,56.97753333,49.241,-123.078,-123.078  49.241,71066.82264
2021S051259150415,53.02171231,49.243,-123.075,-123.075  49.243,117426.3824
2021S051259150416,50.66225674,49.239,-123.08,-123.08  49.239,89331.2279
2021S051259150417,42.20828963,49.236,-123.08,-123.08  49.236,71007.87881
2021S051259150419,38.86433746,49.242,-123.084,-123.084  49.242,91446.4651
2021S051259150420,49.30925806,49.249,-123.069,-123.069  49.249,86113.50601
2021S051259150421,59.386399,49.248,-123.066,-123.066  49.248,100279.6801
2021S051259150422,38.77781765,49.251,-123.067,-123.067  49.251,86970.53641
2021S051259150423,56.0994721,49.249,-123.063,-123.063  49.249,132952.9146
2021S051259150424,44.65053448,49.252,-123.062,-123.062  49.252,150503.2382
2021S051259150425,54.9385733,49.251,-123.058,-123.058  49.251,87418.58963
2021S051259150426,46.98078465,49.255,-123.061,-123.061  49.255,285944.7078
2021S051259150427,37.3975331,49.255,-123.055,-123.055  49.255,102616.8631
2021S051259150428,51.27035742,49.255,-123.051,-123.051  49.255,150483.2285
2021S051259150429,46.94765469,49.252,-123.054,-123.054  49.252,109311.7399
2021S051259150430,40.69969763,49.249,-123.054,-123.054  49.249,83256.3165
2021S051259150431,45.38724653,49.249,-123.05,-123.05  49.249,104006.7285
2021S051259150432,52.45350773,49.247,-123.053,-123.053  49.247,132457.9541
2021S051259150433,52.30434829,49.246,-123.055,-123.055  49.246,63003.76466
2021S051259150434,51.43130246,49.244,-123.053,-123.053  49.244,68745.50451
2021S051259150435,58.05524282,49.242,-123.056,-123.056  49.242,68775.37399
2021S051259150436,53.44026743,49.242,-123.052,-123.052  49.242,108577.1269
2021S051259150437,54.18680294,49.24,-123.057,-123.057  49.24,103816.4544
2021S051259150438,56.66573234,49.239,-123.05,-123.05  49.239,88163.0371
2021S051259150439,50.02102511,49.237,-123.051,-123.051  49.237,102628.766
2021S051259150440,55.04123509,49.237,-123.056,-123.056  49.237,113059.3937
2021S051259150442,48.85663099,49.234,-123.051,-123.051  49.234,104672.3863
2021S051259150443,47.24564666,49.231,-123.053,-123.053  49.231,118551.5094
2021S051259150444,52.19798518,49.231,-123.049,-123.049  49.231,101509.4235
2021S051259150445,48.11145944,49.229,-123.051,-123.051  49.229,88095.09114
2021S051259150446,43.81193117,49.227,-123.05,-123.05  49.227,83645.29293
2021S051259150447,56.32081595,49.226,-123.053,-123.053  49.226,78761.87094
2021S051259150448,56.93445637,49.223,-123.053,-123.053  49.223,101408.9858
2021S051259150449,47.69984874,49.222,-123.051,-123.051  49.222,118275.0351
2021S051259150450,46.13943968,49.222,-123.057,-123.057  49.222,140062.4443
2021S051259150451,44.62972425,49.219,-123.057,-123.057  49.219,81130.42213
2021S051259150452,47.93161613,49.217,-123.057,-123.057  49.217,83485.31665
2021S051259150453,48.35648131,49.217,-123.061,-123.061  49.217,103349.6114
2021S051259150454,50.85867903,49.217,-123.063,-123.063  49.217,150906.6347
2021S051259150455,49.98170131,49.219,-123.067,-123.067  49.219,151447.204
2021S051259150457,51.16813681,49.216,-123.074,-123.074  49.216,138315.6594
2021S051259150459,46.20098188,49.213,-123.074,-123.074  49.213,100319.5373
2021S051259150460,55.4961664,49.214,-123.078,-123.078  49.214,63699.5052
2021S051259150461,48.20560243,49.216,-123.079,-123.079  49.216,43774.65229
2021S051259150462,50.05603033,49.216,-123.082,-123.082  49.216,42791.1981
2021S051259150463,50.06516788,49.217,-123.08,-123.08  49.217,95809.07705
2021S051259150465,47.39107738,49.221,-123.079,-123.079  49.221,67133.12249
2021S051259150466,63.23962596,49.222,-123.077,-123.077  49.222,59890.20613
2021S051259150468,45.71653326,49.221,-123.073,-123.073  49.221,84159.33527
2021S051259150469,52.50283369,49.224,-123.074,-123.074  49.224,82194.42558
2021S051259150470,49.70323524,49.224,-123.078,-123.078  49.224,63744.02026
2021S051259150471,52.53830465,49.223,-123.082,-123.082  49.223,74040.77119
2021S051259150472,46.84140254,49.224,-123.083,-123.083  49.224,58733.42891
2021S051259150473,47.69027862,49.227,-123.086,-123.086  49.227,83770.42486
2021S051259150474,52.80886629,49.224,-123.088,-123.088  49.224,84213.1997
2021S051259150475,51.99658883,49.227,-123.089,-123.089  49.227,82090.71529
2021S051259150476,49.45899954,49.227,-123.094,-123.094  49.227,153131.0836
2021S051259150477,44.33771898,49.225,-123.095,-123.095  49.225,78546.22686
2021S051259150478,50.36599748,49.223,-123.093,-123.093  49.223,98614.8955
2021S051259150479,51.23080005,49.222,-123.098,-123.098  49.222,164933.6866
2021S051259150480,49.36330615,49.22,-123.096,-123.096  49.22,64143.91217
2021S051259150481,47.08601292,49.219,-123.1,-123.1  49.219,56399.53077
2021S051259150482,47.71353399,49.217,-123.1,-123.1  49.217,89088.06021
2021S051259150483,48.14443769,49.218,-123.104,-123.104  49.218,59550.39731
2021S051259150484,51.36293937,49.215,-123.104,-123.104  49.215,90770.94285
2021S051259150485,39.96971553,49.216,-123.108,-123.108  49.216,137575.6303
2021S051259150486,36.67434264,49.216,-123.111,-123.111  49.216,59861.22776
2021S051259150487,37.87659993,49.216,-123.115,-123.115  49.216,166189.0565
2021S051259150488,49.27264102,49.212,-123.115,-123.115  49.212,69801.84532
2021S051259150489,43.72508298,49.212,-123.119,-123.119  49.212,120249.3749
2021S051259150490,36.81587744,49.211,-123.122,-123.122  49.211,93824.34847
2021S051259150491,44.82626188,49.209,-123.122,-123.122  49.209,29525.03635
2021S051259150492,41.51383622,49.21,-123.126,-123.126  49.21,71358.06957
2021S051259150493,51.45734753,49.208,-123.125,-123.125  49.208,35401.98015
2021S051259150494,44.66417736,49.207,-123.127,-123.127  49.207,26937.87106
2021S051259150495,43.62517593,49.204,-123.128,-123.128  49.204,641142.8882
2021S051259150496,43.1852896,49.208,-123.13,-123.13  49.208,34895.34668
2021S051259150497,48.6307707,49.206,-123.132,-123.132  49.206,31106.69036
2021S051259150498,52.89514273,49.208,-123.133,-123.133  49.208,37588.40158
2021S051259150499,46.01658681,49.207,-123.135,-123.135  49.207,35302.45881
2021S051259150500,48.66451264,49.205,-123.135,-123.135  49.205,45588.09038
2021S051259150503,51.57988443,49.207,-123.141,-123.141  49.207,42604.55965
2021S051259150504,37.56368945,49.211,-123.145,-123.145  49.211,218239.125
2021S051259150505,40.93494026,49.212,-123.142,-123.142  49.212,105066.5905
2021S051259150506,28.51147437,49.215,-123.145,-123.145  49.215,86169.5949
2021S051259150507,31.28282403,49.217,-123.142,-123.142  49.217,147246.944
2021S051259150508,29.38569888,49.218,-123.146,-123.146  49.218,126562.3406
2021S051259150509,22.45755195,49.216,-123.149,-123.149  49.216,165331.0232
2021S051259150510,22.18601762,49.222,-123.148,-123.148  49.222,186384.2887
2021S051259150511,33.62478917,49.221,-123.143,-123.143  49.221,127670.3245
2021S051259150512,19.64196647,49.224,-123.143,-123.143  49.224,221127.7139
2021S051259150513,32.41059167,49.221,-123.138,-123.138  49.221,169181.7236
2021S051259150514,35.74451801,49.225,-123.136,-123.136  49.225,201569.7757
2021S051259150515,24.09595343,49.221,-123.132,-123.132  49.221,207282.9341
2021S051259150516,30.21603614,49.225,-123.129,-123.129  49.225,153799.6415
2021S051259150517,29.61256316,49.223,-123.125,-123.125  49.223,136369.0582
2021S051259150518,34.15319289,49.225,-123.124,-123.124  49.225,130446.4965
2021S051259150519,37.57587795,49.224,-123.119,-123.119  49.224,155980.1129
2021S051259150520,44.79781107,49.228,-123.119,-123.119  49.228,164337.6708
2021S051259150521,29.97485545,49.229,-123.114,-123.114  49.229,157640.8063
2021S051259150522,32.53609596,49.227,-123.11,-123.11  49.227,122037.7313
2021S051259150523,32.06081812,49.23,-123.107,-123.107  49.23,117046.5065
2021S051259150524,43.08985308,49.227,-123.106,-123.106  49.227,86642.57194
2021S051259150526,48.92242754,49.224,-123.104,-123.104  49.224,82071.18226
2021S051259150527,52.16396464,49.225,-123.1,-123.1  49.225,63717.25223
2021S051259150529,43.31744755,49.229,-123.097,-123.097  49.229,96194.8503
2021S051259150530,45.31737989,49.23,-123.096,-123.096  49.23,49254.02134
2021S051259150531,46.50851273,49.231,-123.094,-123.094  49.231,173608.7399
2021S051259150534,42.51807966,49.234,-123.103,-123.103  49.234,98411.17846
2021S051259150535,44.74569035,49.235,-123.099,-123.099  49.235,93067.22595
2021S051259150536,48.40871277,49.237,-123.1,-123.1  49.237,49927.93409
2021S051259150537,40.5993504,49.239,-123.099,-123.099  49.239,88006.09632
2021S051259150538,37.86237717,49.239,-123.103,-123.103  49.239,79666.16297
2021S051259150539,34.16352361,49.236,-123.105,-123.105  49.236,93783.05285
2021S051259150540,38.7995404,49.234,-123.109,-123.109  49.234,122368.969
2021S051259150541,39.98757314,49.232,-123.111,-123.111  49.232,237516.8433
2021S051259150542,36.24028842,49.235,-123.114,-123.114  49.235,97649.7076
2021S051259150543,35.39716018,49.237,-123.118,-123.118  49.237,233854.0819
2021S051259150544,45.70618623,49.232,-123.119,-123.119  49.232,199085.1248
2021S051259150545,36.88169757,49.238,-123.124,-123.124  49.238,457079.076
2021S051259150546,37.46997183,49.231,-123.126,-123.126  49.231,171403.6142
2021S051259150547,40.40953692,49.231,-123.123,-123.123  49.231,48094.59839
2021S051259150548,31.6492205,49.228,-123.125,-123.125  49.228,146373.0363
2021S051259150549,29.54151656,49.228,-123.132,-123.132  49.228,151012.4655
2021S051259150550,37.52525927,49.232,-123.131,-123.131  49.232,208151.769
2021S051259150551,24.62236712,49.231,-123.135,-123.135  49.231,162746.7065
2021S051259150552,27.91470859,49.231,-123.138,-123.138  49.231,164167.0838
2021S051259150553,20.25652494,49.231,-123.143,-123.143  49.231,336223.8521
2021S051259150554,24.31320926,49.229,-123.148,-123.148  49.229,239291.6822
2021S051259150555,26.37814626,49.233,-123.149,-123.149  49.233,173007.5221
2021S051259150556,41.3798682,49.233,-123.154,-123.154  49.233,122103.5636
2021S051259150557,33.06177698,49.229,-123.154,-123.154  49.229,106263.1683
2021S051259150558,40.70106219,49.231,-123.158,-123.158  49.231,67751.7362
2021S051259150559,36.90420748,49.228,-123.158,-123.158  49.228,89608.79849
2021S051259150560,29.23412166,49.229,-123.162,-123.162  49.229,149291.6062
2021S051259150561,23.22213732,49.225,-123.162,-123.162  49.225,274817.5894
2021S051259150562,27.03694605,49.231,-123.165,-123.165  49.231,181766.977
2021S051259150563,45.02749263,49.233,-123.161,-123.161  49.233,42552.88008
2021S051259150564,36.76135709,49.234,-123.164,-123.164  49.234,90251.49245
2021S051259150565,34.52391646,49.236,-123.164,-123.164  49.236,115387.8864
2021S051259150566,40.93165845,49.236,-123.16,-123.16  49.236,48035.88167
2021S051259150567,40.391602,49.237,-123.161,-123.161  49.237,42794.60319
2021S051259150568,40.98898928,49.238,-123.158,-123.158  49.238,46584.77077
2021S051259150569,41.11573189,49.236,-123.157,-123.157  49.236,64948.15695
2021S051259150570,38.70897575,49.234,-123.158,-123.158  49.234,66584.21906
2021S051259150571,23.94556594,49.238,-123.152,-123.152  49.238,311730.9686
2021S051259150572,25.78194852,49.241,-123.153,-123.153  49.241,131897.4456
2021S051259150573,40.24608828,49.243,-123.152,-123.152  49.243,60147.77742
2021S051259150575,28.73178758,49.245,-123.151,-123.151  49.245,226844.1155
2021S051259150577,37.32733502,49.249,-123.155,-123.155  49.249,209908.9395
2021S051259150578,21.6534222,49.249,-123.162,-123.162  49.249,232110.0693
2021S051259150579,29.88132757,49.252,-123.158,-123.158  49.252,119648.7641
2021S051259150580,23.82151309,49.253,-123.162,-123.162  49.253,135538.3928
2021S051259150581,27.79964405,49.256,-123.163,-123.163  49.256,112170.6021
2021S051259150582,33.32171217,49.256,-123.157,-123.157  49.256,152746.6711
2021S051259150583,26.58099771,49.258,-123.156,-123.156  49.258,109624.8839
2021S051259150584,40.75069729,49.26,-123.158,-123.158  49.26,89246.19611
2021S051259150585,29.22803932,49.259,-123.162,-123.162  49.259,122589.2103
2021S051259150586,34.33503542,49.262,-123.161,-123.161  49.262,176601.0935
2021S051259150587,34.84357442,49.261,-123.166,-123.166  49.261,87376.80323
2021S051259150588,34.39487954,49.262,-123.168,-123.168  49.262,97689.77687
2021S051259150589,31.55110635,49.259,-123.168,-123.168  49.259,96962.79934
2021S051259150590,30.30538237,49.259,-123.172,-123.172  49.259,97191.49322
2021S051259150591,35.77215787,49.26,-123.176,-123.176  49.26,113799.956
2021S051259150592,33.46552691,49.263,-123.172,-123.172  49.263,98204.22101
2021S051259150593,35.86568805,49.263,-123.176,-123.176  49.263,83861.90296
2021S051259150594,39.24164357,49.265,-123.177,-123.177  49.265,66787.60514
2021S051259150595,37.57257675,49.263,-123.18,-123.18  49.263,88240.49476
2021S051259150596,30.33581669,49.266,-123.18,-123.18  49.266,69050.49012
2021S051259150597,36.84080725,49.266,-123.184,-123.184  49.266,82691.47615
2021S051259150598,32.71275876,49.268,-123.183,-123.183  49.268,82308.40421
2021S051259150599,40.14730621,49.267,-123.187,-123.187  49.267,38704.01038
2021S051259150600,37.35541842,49.27,-123.187,-123.187  49.27,112675.8154
2021S051259150601,36.28532296,49.269,-123.183,-123.183  49.269,72452.41355
2021S051259150602,29.30711395,49.271,-123.184,-123.184  49.271,57462.03135
2021S051259150603,31.86774193,49.271,-123.18,-123.18  49.271,60822.53324
2021S051259150604,31.21818456,49.269,-123.178,-123.178  49.269,57815.2473
2021S051259150605,33.60738007,49.267,-123.178,-123.178  49.267,68097.35214
2021S051259150606,36.02298985,49.267,-123.174,-123.174  49.267,79037.19999
2021S051259150607,38.09639128,49.27,-123.173,-123.173  49.27,87099.8814
2021S051259150608,36.4523803,49.27,-123.169,-123.169  49.27,87678.2853
2021S051259150609,32.85420904,49.267,-123.17,-123.17  49.267,76797.44345
2021S051259150610,40.26850942,49.267,-123.166,-123.166  49.267,53197.02139
2021S051259150611,30.54396895,49.265,-123.166,-123.166  49.265,77031.20955
2021S051259150612,35.7029245,49.265,-123.172,-123.172  49.265,78409.6682
2021S051259150613,32.47636077,49.265,-123.163,-123.163  49.265,64234.02417
2021S051259150614,35.41327038,49.267,-123.162,-123.162  49.267,65633.30566
2021S051259150615,35.86428657,49.266,-123.16,-123.16  49.266,64089.6815
2021S051259150616,38.0163432,49.267,-123.158,-123.158  49.267,48897.5878
2021S051259150617,37.30669176,49.266,-123.156,-123.156  49.266,32004.20783
2021S051259150618,39.52802929,49.266,-123.154,-123.154  49.266,47755.96506
2021S051259150619,36.80310719,49.264,-123.156,-123.156  49.264,52976.42282
2021S051259150620,46.30665378,49.266,-123.152,-123.152  49.266,66531.34935
2021S051259150621,39.20695386,49.268,-123.154,-123.154  49.268,49761.19725
2021S051259150622,33.81286307,49.269,-123.154,-123.154  49.269,34247.66142
2021S051259150623,36.0247597,49.269,-123.152,-123.152  49.269,34308.27047
2021S051259150624,35.61449245,49.27,-123.153,-123.153  49.27,33713.72971
2021S051259150625,33.94301111,49.271,-123.153,-123.153  49.271,33151.18072
2021S051259150626,35.28588334,49.271,-123.149,-123.149  49.271,34625.26792
2021S051259150627,31.78698139,49.272,-123.148,-123.148  49.272,92612.96894
2021S051259150628,38.21729431,49.269,-123.147,-123.147  49.269,66935.64729
2021S051259150629,39.99456084,49.269,-123.149,-123.149  49.269,51661.4022
2021S051259150633,38.06671068,49.263,-123.144,-123.144  49.263,54076.10366
2021S051259150634,36.91148218,49.262,-123.142,-123.142  49.262,35029.40744
2021S051259150635,35.12328089,49.261,-123.145,-123.145  49.261,36306.50961
2021S051259150636,38.43705996,49.26,-123.142,-123.142  49.26,35870.18505
2021S051259150637,35.5443503,49.258,-123.144,-123.144  49.258,88050.45254
2021S051259150638,34.67333689,49.258,-123.14,-123.14  49.258,55701.59056
2021S051259150639,36.73195528,49.258,-123.138,-123.138  49.258,27255.45792
2021S051259150640,36.14499329,49.26,-123.137,-123.137  49.26,37732.93225
2021S051259150641,35.49309274,49.259,-123.135,-123.135  49.259,35605.10902
2021S051259150642,35.64712135,49.26,-123.134,-123.134  49.26,37161.0605
2021S051259150643,38.19072284,49.259,-123.133,-123.133  49.259,35151.09487
2021S051259150644,37.0839222,49.26,-123.13,-123.13  49.26,36224.02225
2021S051259150645,35.30716195,49.258,-123.13,-123.13  49.258,70765.32841
2021S051259150646,36.43709357,49.26,-123.128,-123.128  49.26,36709.24418
2021S051259150647,34.71120443,49.259,-123.126,-123.126  49.259,35999.58082
2021S051259150648,29.70215723,49.26,-123.126,-123.126  49.26,19308.80401
2021S051259150649,33.01551559,49.262,-123.123,-123.123  49.262,186584.7853
2021S051259150650,38.1636762,49.259,-123.123,-123.123  49.259,34425.02458
2021S051259150651,33.70301894,49.259,-123.121,-123.121  49.259,28942.02355
2021S051259150652,37.60479076,49.257,-123.124,-123.124  49.257,40376.6793
2021S051259150653,36.12896903,49.256,-123.122,-123.122  49.256,44612.70847
2021S051259150654,35.68305277,49.256,-123.125,-123.125  49.256,58703.91058
2021S051259150655,34.83842991,49.254,-123.126,-123.126  49.254,61732.00536
2021S051259150656,35.39262192,49.255,-123.129,-123.129  49.255,78964.70489
2021S051259150657,14.30919995,49.255,-123.134,-123.134  49.255,436181.8113
2021S051259150658,31.77451111,49.251,-123.125,-123.125  49.251,125146.5578
2021S051259150659,31.00941128,49.249,-123.13,-123.13  49.249,201526.7113
2021S051259150660,18.92446295,49.25,-123.136,-123.136  49.25,266285.866
2021S051259150661,22.8792058,49.245,-123.136,-123.136  49.245,302786.581
2021S051259150662,22.06989894,49.248,-123.142,-123.142  49.248,281845.0779
2021S051259150663,23.36344001,49.242,-123.142,-123.142  49.242,277612.9394
2021S051259150664,21.75512797,49.248,-123.148,-123.148  49.248,273112.9748
2021S051259150665,23.30506298,49.24,-123.145,-123.145  49.24,170620.5912
2021S051259150666,0,49.236,-123.144,-123.144  49.236,288132.5915
2021S051259150667,22.36504284,49.236,-123.136,-123.136  49.236,227267.0714
2021S051259150668,31.47652586,49.24,-123.134,-123.134  49.24,388199.5919
2021S051259150669,34.63472903,49.236,-123.13,-123.13  49.236,87026.782
2021S051259150670,21.8484311,49.244,-123.13,-123.13  49.244,188854.0317
2021S051259150671,26.52899561,49.245,-123.124,-123.124  49.245,411764.8956
2021S051259150672,34.12374817,49.244,-123.118,-123.118  49.244,171224.9744
2021S051259150673,35.50960071,49.248,-123.118,-123.118  49.248,144470.8682
2021S051259150674,28.4017856,49.25,-123.12,-123.12  49.25,112519.7083
2021S051259150675,35.87140698,49.252,-123.117,-123.117  49.252,91381.8887
2021S051259150676,30.35265044,49.251,-123.114,-123.114  49.251,81394.46093
2021S051259150677,29.05757711,49.251,-123.111,-123.111  49.251,89393.98799
2021S051259150678,35.09756564,49.254,-123.113,-123.113  49.254,83197.84293
2021S051259150679,36.10324896,49.256,-123.113,-123.113  49.256,64046.78218
2021S051259150680,32.89336549,49.258,-123.11,-123.11  49.258,119357.8229
2021S051259150681,37.26729696,49.256,-123.109,-123.109  49.256,60978.21325
2021S051259150682,30.81055586,49.255,-123.107,-123.107  49.255,101633.0498
2021S051259150683,34.24318978,49.253,-123.107,-123.107  49.253,91562.82072
2021S051259150684,32.96174335,49.254,-123.103,-123.103  49.254,94607.88635
2021S051259150685,37.17985139,49.251,-123.103,-123.103  49.251,110336.337
2021S051259150686,33.3059569,49.25,-123.1,-123.1  49.25,45682.03261
2021S051259150687,37.24505831,49.248,-123.102,-123.102  49.248,57141.41794
2021S051259150688,39.6749821,49.247,-123.099,-123.099  49.247,76906.32979
2021S051259150689,35.85644376,49.247,-123.105,-123.105  49.247,89988.70585
2021S051259150690,38.02899903,49.245,-123.103,-123.103  49.245,86815.41888
2021S051259150691,43.68688839,49.242,-123.101,-123.101  49.242,91389.43934
2021S051259150692,29.86460947,49.242,-123.098,-123.098  49.242,81237.29993
2021S051259150693,39.20133396,49.245,-123.097,-123.097  49.245,72393.37547
2021S051259150694,37.4122893,49.242,-123.094,-123.094  49.242,185666.0614
2021S051259150695,35.36742339,49.237,-123.094,-123.094  49.237,413962.933
2021S051259150696,50.04868894,49.245,-123.092,-123.092  49.245,63959.77237
2021S051259150697,47.63481782,49.247,-123.092,-123.092  49.247,97974.37837
2021S051259150698,47.35015601,49.247,-123.096,-123.096  49.247,79012.25759
2021S051259150699,42.08289639,49.25,-123.094,-123.094  49.25,116724.3331
2021S051259150700,35.40105344,49.251,-123.096,-123.096  49.251,113227.0434
2021S051259150701,36.00879873,49.253,-123.098,-123.098  49.253,82737.247
2021S051259150702,35.24142568,49.254,-123.099,-123.099  49.254,31506.6877
2021S051259150703,42.47552414,49.254,-123.095,-123.095  49.254,59069.44338
2021S051259150704,37.01727176,49.256,-123.098,-123.098  49.256,87607.60392
2021S051259150705,35.75692443,49.257,-123.099,-123.099  49.257,55708.72899
2021S051259150706,45.29402266,49.259,-123.1,-123.1  49.259,20468.97322
2021S051259150707,37.23490557,49.259,-123.097,-123.097  49.259,26638.40907
2021S051259150708,39.00322637,49.259,-123.095,-123.095  49.259,105139.6987
2021S051259150709,46.88164192,49.261,-123.099,-123.099  49.261,135673.4455
2021S051259150710,45.90604213,49.262,-123.093,-123.093  49.262,67673.09892
2021S051259150711,39.87831986,49.264,-123.098,-123.098  49.264,68959.42707
2021S051259150712,42.44324761,49.263,-123.093,-123.093  49.263,44368.61924
2021S051259150713,40.20773514,49.265,-123.095,-123.095  49.265,70308.49509
2021S051259150714,31.58586083,49.266,-123.092,-123.092  49.266,14289.24569
2021S051259150715,42.57478973,49.265,-123.091,-123.091  49.265,28303.36553
2021S051259150716,57.90095994,49.263,-123.09,-123.09  49.263,28785.16666
2021S051259150717,46.14165701,49.263,-123.088,-123.088  49.263,29068.85
2021S051259150718,41.03375485,49.265,-123.087,-123.087  49.265,28076.06451
2021S051259150719,42.02843156,49.264,-123.085,-123.085  49.264,28449.46721
2021S051259150720,45.44700673,49.265,-123.085,-123.085  49.265,75830.76509
2021S051259150721,44.0896713,49.263,-123.082,-123.082  49.263,29120.78619
2021S051259150722,41.37071868,49.263,-123.085,-123.085  49.263,29279.99037
2021S051259150723,39.44272666,49.262,-123.085,-123.085  49.262,44799.24433
2021S051259150724,40.25520166,49.261,-123.087,-123.087  49.261,56721.82908
2021S051259150725,34.61961294,49.259,-123.088,-123.088  49.259,56626.90974
2021S051259150726,38.64266645,49.261,-123.091,-123.091  49.261,56403.93158
2021S051259150727,48.1509998,49.258,-123.091,-123.091  49.258,78280.9888
2021S051259150728,37.61805038,49.257,-123.093,-123.093  49.257,43046.66824
2021S051259150729,49.94018735,49.255,-123.092,-123.092  49.255,85053.31165
2021S051259150730,41.78118017,49.253,-123.092,-123.092  49.253,71822.11367
2021S051259150731,45.09104786,49.253,-123.087,-123.087  49.253,77446.68791
2021S051259150732,39.17866122,49.25,-123.089,-123.089  49.25,76466.25192
2021S051259150733,36.61495279,49.25,-123.086,-123.086  49.25,88457.02847
2021S051259150734,43.09507216,49.247,-123.088,-123.088  49.247,93276.79885
2021S051259150737,37.12435978,49.257,-123.083,-123.083  49.257,55868.12702
2021S051259150738,36.2391566,49.257,-123.079,-123.079  49.257,61421.12934
2021S051259150739,44.4458322,49.255,-123.078,-123.078  49.255,57250.1758
2021S051259150740,35.81387366,49.259,-123.079,-123.079  49.259,59552.99677
2021S051259150741,44.35588,49.258,-123.075,-123.075  49.258,78947.17941
2021S051259150742,41.31811748,49.261,-123.076,-123.076  49.261,84901.75401
2021S051259150743,43.09335881,49.261,-123.079,-123.079  49.261,87879.35459
2021S051259150744,41.61969336,49.261,-123.082,-123.082  49.261,42749.57582
2021S051259150745,40.21049615,49.259,-123.084,-123.084  49.259,71720.86636
2021S051259150746,43.19494423,49.257,-123.087,-123.087  49.257,64352.92256
2021S051259150747,53.11683035,49.264,-123.079,-123.079  49.264,86816.85819
2021S051259150748,49.2593493,49.264,-123.077,-123.077  49.264,41053.25143
2021S051259150749,42.23023479,49.266,-123.075,-123.075  49.266,114801.2785
2021S051259150750,46.40577141,49.269,-123.089,-123.089  49.269,906132.3235
2021S051259150751,49.54962265,49.273,-123.088,-123.088  49.273,873066.086
2021S051259150752,35.8555863,49.277,-123.091,-123.091  49.277,39825.20906
2021S051259150753,31.92733033,49.278,-123.093,-123.093  49.278,28255.65279
2021S051259150754,45.57493546,49.279,-123.091,-123.091  49.279,42823.76131
2021S051259150755,100,49.279,-123.095,-123.095  49.279,51632.35313
2021S051259150756,38.74194248,49.277,-123.095,-123.095  49.277,24222.72419
2021S051259150757,56.51369253,49.278,-123.098,-123.098  49.278,78778.76789
2021S051259150758,55.86712978,49.28,-123.095,-123.095  49.28,27307.43654
2021S051259150759,56.41217117,49.281,-123.097,-123.097  49.281,49125.337
2021S051259150760,85.71015931,49.282,-123.095,-123.095  49.282,31204.57089
2021S051259150761,54.01788185,49.283,-123.097,-123.097  49.283,34951.20545
2021S051259150762,46.27924803,49.284,-123.096,-123.096  49.284,78801.49269
2021S051259150763,49.65044717,49.282,-123.099,-123.099  49.282,30402.11339
2021S051259150777,40.64574957,49.276,-123.117,-123.117  49.276,15555.37496
2021S051259150779,40.16782659,49.276,-123.123,-123.123  49.276,16733.14832
2021S051259150782,41.33258275,49.28,-123.125,-123.125  49.28,16261.72676
2021S051259150784,45.49202217,49.277,-123.127,-123.127  49.277,16987.64244
2021S051259150785,47.9805526,49.275,-123.128,-123.128  49.275,48791.12918
2021S051259150786,36.93266604,49.274,-123.126,-123.126  49.274,17128.58488
2021S051259150787,34.6075211,49.274,-123.125,-123.125  49.274,9691.997163
2021S051259150788,36.3157603,49.274,-123.123,-123.123  49.274,24502.61382
2021S051259150790,37.22591173,49.276,-123.132,-123.132  49.276,42064.85102
2021S051259150791,41.959595,49.277,-123.131,-123.131  49.277,18289.56784
2021S051259150792,44.97698762,49.278,-123.133,-123.133  49.278,24414.72417
2021S051259150793,49.47230408,49.279,-123.132,-123.132  49.279,22260.18016
2021S051259150795,44.90598302,49.28,-123.132,-123.132  49.28,47962.00607
2021S051259150816,39.94982916,49.285,-123.135,-123.135  49.285,12748.47067
2021S051259150817,37.62140268,49.285,-123.137,-123.137  49.285,26743.89717
2021S051259150819,39.03574029,49.284,-123.137,-123.137  49.284,13429.13443
2021S051259150820,38.86898889,49.283,-123.139,-123.139  49.283,13170.50176
2021S051259150821,38.10775463,49.282,-123.137,-123.137  49.282,15329.64223
2021S051259150822,34.2852175,49.283,-123.136,-123.136  49.283,15823.48255
2021S051259150823,37.12036356,49.282,-123.135,-123.135  49.282,18160.09559
2021S051259150824,42.25303978,49.281,-123.136,-123.136  49.281,17567.7184
2021S051259150827,36.53262196,49.281,-123.139,-123.139  49.281,34908.66466
2021S051259150828,38.32241823,49.282,-123.141,-123.141  49.282,50035.58813
2021S051259150831,36.174414,49.284,-123.142,-123.142  49.284,23602.62549
2021S051259150832,35.58194401,49.286,-123.142,-123.142  49.286,49580.44464
2021S051259150837,38.59319219,49.288,-123.136,-123.136  49.288,18560.32642
2021S051259150840,39.52283204,49.29,-123.134,-123.134  49.29,17475.27213
2021S051259150841,35.51266979,49.29,-123.133,-123.133  49.29,18003.73945
2021S051259150845,37.05302582,49.287,-123.134,-123.134  49.287,26983.27545
2021S051259150846,36.91457415,49.286,-123.135,-123.135  49.286,26196.84498
2021S051259150850,50.09922498,49.287,-123.122,-123.122  49.287,143334.3273
2021S051259150859,36.78114041,49.29,-123.141,-123.141  49.29,15286.17281
2021S051259150861,42.66012924,49.29,-123.143,-123.143  49.29,23469.3038
2021S051259150863,40.11329235,49.288,-123.142,-123.142  49.288,54419.53477
2021S051259150864,38.04376281,49.29,-123.14,-123.14  49.29,17716.2346
2021S051259150865,40.54934548,49.288,-123.139,-123.139  49.288,35871.74881
2021S051259150866,49.23443454,49.289,-123.137,-123.137  49.289,17927.32556
2021S051259150871,35.29419534,49.276,-123.144,-123.144  49.276,313833.3272
2021S051259150872,26.8129329,49.276,-123.148,-123.148  49.276,77838.51282
2021S051259150873,31.81549623,49.274,-123.151,-123.151  49.274,62851.26749
2021S051259150874,31.96990801,49.274,-123.153,-123.153  49.274,170974.6439
2021S051259150875,31.02224714,49.272,-123.156,-123.156  49.272,33935.97347
2021S051259150876,34.77882531,49.272,-123.159,-123.159  49.272,33349.97633
2021S051259150877,31.604728,49.27,-123.159,-123.159  49.27,16824.4822
2021S051259150878,30.8053135,49.271,-123.161,-123.161  49.271,34671.35264
2021S051259150879,36.76460078,49.269,-123.159,-123.159  49.269,51056.86274
2021S051259150880,35.64744354,49.269,-123.163,-123.163  49.269,49640.27015
2021S051259150881,33.27364025,49.272,-123.163,-123.163  49.272,65666.8688
2021S051259150882,31.85859916,49.27,-123.166,-123.166  49.27,78896.75172
2021S051259150883,24.72849061,49.272,-123.174,-123.174  49.272,170767.5896
2021S051259150884,33.00262157,49.273,-123.161,-123.161  49.273,81798.8782
2021S051259150885,56.03636884,49.272,-123.198,-123.198  49.272,692874.7352
2021S051259150886,35.28489482,49.267,-123.196,-123.196  49.267,503473.1116
2021S051259150887,18.83570474,49.264,-123.196,-123.196  49.264,164862.4179
2021S051259150888,28.54336616,49.262,-123.199,-123.199  49.262,89120.51672
2021S051259150889,27.51479908,49.26,-123.196,-123.196  49.26,110754.0375
2021S051259150890,31.58321198,49.259,-123.2,-123.2  49.259,112360.3172
2021S051259150891,30.07027841,49.256,-123.197,-123.197  49.256,208483.5968
2021S051259150892,23.68009119,49.26,-123.192,-123.192  49.26,157390.3234
2021S051259150893,30.99540882,49.257,-123.19,-123.19  49.257,112374.7719
2021S051259150894,37.83629143,49.256,-123.187,-123.187  49.256,99390.53294
2021S051259150895,27.58742225,49.253,-123.188,-123.188  49.253,104150.7341
2021S051259150896,30.03365376,49.254,-123.184,-123.184  49.254,96947.25651
2021S051259150897,31.69279933,49.253,-123.18,-123.18  49.253,115583.5292
2021S051259150898,32.10910102,49.25,-123.182,-123.182  49.25,132534.4633
2021S051259150899,32.13864966,49.249,-123.185,-123.185  49.249,134592.2169
2021S051259150900,27.08838442,49.248,-123.181,-123.181  49.248,88210.90273
2021S051259150901,27.4868016,49.244,-123.18,-123.18  49.244,102103.6684
2021S051259150902,29.42548456,49.244,-123.184,-123.184  49.244,101478.1203
2021S051259150903,32.02750439,49.243,-123.188,-123.188  49.243,197083.7911
2021S051259150904,26.76853179,49.241,-123.182,-123.182  49.241,126862.8292
2021S051259150905,31.01245188,49.239,-123.185,-123.185  49.239,141179.675
2021S051259150906,30.74824918,49.237,-123.18,-123.18  49.237,127825.8893
2021S051259150907,27.52340427,49.236,-123.186,-123.186  49.236,163681.5414
2021S051259150908,27.47522669,49.233,-123.179,-123.179  49.233,223517.6984
2021S051259150909,27.07858192,49.23,-123.183,-123.183  49.23,250272.2791
2021S051259150910,28.23432419,49.233,-123.189,-123.189  49.233,177006.5719
2021S051259150911,25.6739064,49.23,-123.191,-123.191  49.23,480523.3294
2021S051259150912,22.26093244,49.236,-123.192,-123.192  49.236,171348.7648
2021S051259150913,27.01852115,49.238,-123.194,-123.194  49.238,188581.7121
2021S051259150914,23.82746793,49.241,-123.192,-123.192  49.241,154891.4715
2021S051259150915,30.8441841,49.244,-123.195,-123.195  49.244,119639.5773
2021S051259150916,27.97589188,49.245,-123.192,-123.192  49.245,105252.7889
2021S051259150917,24.28148054,49.247,-123.191,-123.191  49.247,177568.8555
2021S051259150918,25.89695673,49.25,-123.189,-123.189  49.25,107635.0493
2021S051259150919,22.63891773,49.249,-123.196,-123.196  49.249,371855.8146
2021S051259150920,24.79994378,49.254,-123.192,-123.192  49.254,101428.6183
2021S051259150922,28.93917052,49.259,-123.209,-123.209  49.259,89673.88298
2021S051259150923,29.98949389,49.261,-123.213,-123.213  49.261,133710.3355
2021S051259150924,34.58326197,49.263,-123.212,-123.212  49.263,90978.69308
2021S051259150925,35.1399536,49.265,-123.212,-123.212  49.265,85851.53867
2021S051259150926,32.03607177,49.264,-123.206,-123.206  49.264,108476.9047
2021S051259150927,30.53006714,49.262,-123.206,-123.206  49.262,112236.9257
2021S051259150928,22.96815538,49.26,-123.205,-123.205  49.26,90327.44235
2021S051259150929,27.66081738,49.263,-123.202,-123.202  49.263,94601.51651
2021S051259150930,23.61674397,49.268,-123.21,-123.21  49.268,113077.671
2021S051259150931,26.50029657,49.268,-123.206,-123.206  49.268,157824.7728
2021S051259150932,24.94316532,49.274,-123.21,-123.21  49.274,349847.2394
2021S051259150933,17.93323246,49.272,-123.212,-123.212  49.272,154183.3969
2021S051259150934,14.3740355,49.273,-123.219,-123.219  49.273,645477.163
2021S051259150935,22.65817522,49.268,-123.214,-123.214  49.268,113577.5583
2021S051259150936,24.34883336,49.271,-123.22,-123.22  49.271,7993.095592
2021S051259150952,80.5209236,49.228,-123.195,-123.195  49.228,187055.0127
2021S051259150953,25.50361614,49.222,-123.179,-123.179  49.222,1669952.193
2021S051259150954,14.69192772,49.227,-123.172,-123.172  49.227,436302.1094
2021S051259150955,24.84539829,49.232,-123.17,-123.17  49.232,183487.3747
2021S051259150956,30.07103397,49.233,-123.173,-123.173  49.233,126009.2842
2021S051259150957,27.75743609,49.236,-123.173,-123.173  49.236,163910.4296
2021S051259150958,26.38805784,49.237,-123.177,-123.177  49.237,96301.70332
2021S051259150959,27.89992721,49.24,-123.172,-123.172  49.24,127182.4799
2021S051259150960,7.594446937,49.241,-123.176,-123.176  49.241,131485.2041
2021S051259150961,29.46302125,49.244,-123.176,-123.176  49.244,172647.0706
2021S051259150962,23.46349249,49.245,-123.171,-123.171  49.245,120970.2041
2021S051259150963,21.61715462,49.247,-123.172,-123.172  49.247,104726.8677
2021S051259150964,41.87137852,49.248,-123.168,-123.168  49.248,153553.4568
2021S051259150965,29.13376919,49.251,-123.168,-123.168  49.251,89777.49064
2021S051259150966,31.11652821,49.253,-123.168,-123.168  49.253,108189.9208
2021S051259150967,32.45906579,49.256,-123.168,-123.168  49.256,128082.3654
2021S051259150968,33.39971501,49.256,-123.173,-123.173  49.256,213119.7363
2021S051259150969,24.10538966,49.254,-123.175,-123.175  49.254,153512.0506
2021S051259150970,29.51638239,49.251,-123.175,-123.175  49.251,142542.0306
2021S051259150971,28.82809468,49.249,-123.176,-123.176  49.249,165837.9438
2021S051259150972,32.71446512,49.257,-123.182,-123.182  49.257,135858.1212
2021S051259150973,33.47232648,49.26,-123.18,-123.18  49.26,118141.6028
2021S051259150974,30.24340172,49.26,-123.184,-123.184  49.26,118401.9733
2021S051259150975,36.33237194,49.263,-123.184,-123.184  49.263,87511.50014
2021S051259150976,30.35915811,49.261,-123.188,-123.188  49.261,137233.7128
2021S051259150977,36.94164722,49.264,-123.189,-123.189  49.264,130346.3856
2021S051259150978,27.57697415,49.244,-123.167,-123.167  49.244,110063.0255
2021S051259150979,27.27323219,49.243,-123.163,-123.163  49.243,156534.4493
2021S051259150980,29.73334631,49.24,-123.168,-123.168  49.24,140699.4973
2021S051259150981,19.18665329,49.24,-123.162,-123.162  49.24,143118.6348
2021S051259150982,28.58577019,49.237,-123.168,-123.168  49.237,136972.179
2021S051259150983,28.84391154,49.218,-123.161,-123.161  49.218,1144141.227
2021S051259150984,25.85977976,49.223,-123.157,-123.157  49.223,219433.8793
2021S051259150985,28.39692669,49.223,-123.153,-123.153  49.223,250347.863
2021S051259150986,31.15471092,49.226,-123.148,-123.148  49.226,138706.563
2021S051259150987,36.91167816,49.209,-123.149,-123.149  49.209,640926.721
2021S051259151198,50.67931678,49.208,-123.097,-123.097  49.208,580698.1835
2021S051259151199,52.09623407,49.212,-123.095,-123.095  49.212,72331.60882
2021S051259151200,54.67050474,49.214,-123.093,-123.093  49.214,52916.68307
2021S051259151201,55.13667137,49.216,-123.093,-123.093  49.216,44314.43989
2021S051259151202,50.83484797,49.216,-123.089,-123.089  49.216,43564.04358
2021S051259151203,53.26223525,49.214,-123.087,-123.087  49.214,56072.11201
2021S051259151204,53.74170941,49.213,-123.088,-123.088  49.213,59516.63343
2021S051259151205,47.88847611,49.212,-123.084,-123.084  49.212,35645.40457
2021S051259151206,49.72853761,49.214,-123.082,-123.082  49.214,64045.83626
2021S051259151207,53.71540993,49.209,-123.087,-123.087  49.209,403853.2072
2021S051259151208,53.65251588,49.21,-123.077,-123.077  49.21,334335.8761
2021S051259151209,57.16134877,49.21,-123.069,-123.069  49.21,105947.3846
2021S051259151211,47.63820966,49.214,-123.062,-123.062  49.214,96415.51461
2021S051259151213,44.61401861,49.21,-123.06,-123.06  49.21,144728.689
2021S051259151214,51.78543654,49.209,-123.062,-123.062  49.209,81449.04312
2021S051259151215,46.68136529,49.208,-123.065,-123.065  49.208,105476.6494
2021S051259151216,43.37451201,49.207,-123.065,-123.065  49.207,86522.82357
2021S051259151217,39.68897313,49.207,-123.059,-123.059  49.207,48919.65609
2021S051259151219,40.36914785,49.212,-123.048,-123.048  49.212,994920.2469
2021S051259151220,38.4194478,49.219,-123.047,-123.047  49.219,127330.4417
2021S051259151221,54.249117,49.219,-123.043,-123.043  49.219,60980.3793
2021S051259151222,46.11934111,49.222,-123.047,-123.047  49.222,108280.7456
2021S051259151223,48.03633921,49.222,-123.043,-123.043  49.222,114635.4306
2021S051259151224,47.11838665,49.222,-123.039,-123.039  49.222,129987.1093
2021S051259151225,47.93183804,49.225,-123.038,-123.038  49.225,94884.65548
2021S051259151226,50.14668603,49.222,-123.035,-123.035  49.222,106606.5846
2021S051259151227,41.54509425,49.224,-123.034,-123.034  49.224,96136.92599
2021S051259151228,46.98692467,49.222,-123.031,-123.031  49.222,115364.65
2021S051259151229,57.83579138,49.224,-123.027,-123.027  49.224,114592.0097
2021S051259151230,45.91201319,49.222,-123.025,-123.025  49.222,58283.34415
2021S051259151231,42.33653379,49.219,-123.025,-123.025  49.219,76827.46029
2021S051259151234,45.97163229,49.213,-123.026,-123.026  49.213,34921.35788
2021S051259151236,49.21229659,49.21,-123.026,-123.026  49.21,175039.4189
2021S051259151237,40.38505075,49.208,-123.024,-123.024  49.208,6.496063
2021S051259151351,52.48064977,49.237,-123.025,-123.025  49.237,49981.56889
2021S051259151352,55.74829716,49.239,-123.025,-123.025  49.239,37234.46414
2021S051259151353,51.48409877,49.237,-123.027,-123.027  49.237,74458.67123
2021S051259151354,60.03099019,49.239,-123.029,-123.029  49.239,60794.47695
2021S051259151355,53.24095346,49.241,-123.03,-123.03  49.241,92794.66477
2021S051259151356,60.25254354,49.24,-123.032,-123.032  49.24,57630.34201
2021S051259151357,58.39672356,49.243,-123.034,-123.034  49.243,112513.5492
2021S051259151358,58.01210908,49.241,-123.037,-123.037  49.241,61545.93064
2021S051259151359,48.12797682,49.244,-123.038,-123.038  49.244,84609.08438
2021S051259151360,51.958886,49.245,-123.037,-123.037  49.245,75782.05167
2021S051259151361,47.84034919,49.247,-123.039,-123.039  49.247,118375.9094
2021S051259151362,51.28519672,49.248,-123.035,-123.035  49.248,77838.68416
2021S051259151363,55.80751991,49.25,-123.037,-123.037  49.25,96664.43682
2021S051259151364,54.99719631,49.25,-123.04,-123.04  49.25,90830.40534
2021S051259151365,41.72027961,49.253,-123.039,-123.039  49.253,67867.44561
2021S051259151366,42.82096509,49.253,-123.042,-123.042  49.253,150738.9967
2021S051259151367,50.81083948,49.255,-123.037,-123.037  49.255,86384.4792
2021S051259151368,53.63599801,49.253,-123.036,-123.036  49.253,92852.44432
2021S051259151369,46.32671291,49.253,-123.032,-123.032  49.253,149605.8671
2021S051259151370,51.7630213,49.249,-123.031,-123.031  49.249,115538.0347
2021S051259151371,46.52239153,49.251,-123.028,-123.028  49.251,106702.9188
2021S051259151372,50.00732948,49.249,-123.026,-123.026  49.249,107960.4392
2021S051259151373,53.44993641,49.254,-123.026,-123.026  49.254,183255.7703
2021S051259151407,52.85772929,49.266,-123.027,-123.027  49.266,352175.716
2021S051259151408,63.270908,49.265,-123.031,-123.031  49.265,45961.72907
2021S051259151409,61.86228571,49.263,-123.031,-123.031  49.263,111479.2623
2021S051259151410,56.11532035,49.264,-123.035,-123.035  49.264,86689.31342
2021S051259151411,53.08093444,49.264,-123.039,-123.039  49.264,94684.02941
2021S051259151412,46.72967836,49.266,-123.039,-123.039  49.266,97329.91087
2021S051259151413,54.91022229,49.264,-123.042,-123.042  49.264,104826.7482
2021S051259151414,53.66371875,49.268,-123.042,-123.042  49.268,134421.605
2021S051259151415,53.12312062,49.268,-123.046,-123.046  49.268,125282.3681
2021S051259151416,45.30409642,49.266,-123.048,-123.048  49.266,78237.78271
2021S051259151417,49.60773297,49.264,-123.047,-123.047  49.264,76234.34487
2021S051259151418,52.84738352,49.262,-123.048,-123.048  49.262,60785.93244
2021S051259151419,52.84255826,49.263,-123.053,-123.053  49.263,75833.1445
2021S051259151420,52.75177564,49.265,-123.052,-123.052  49.265,99894.52094
2021S051259151423,55.53522676,49.262,-123.056,-123.056  49.262,41485.62703
2021S051259151424,46.71550981,49.26,-123.057,-123.057  49.26,106096.3045
2021S051259151425,52.8790194,49.259,-123.053,-123.053  49.259,235299.4448
2021S051259151426,41.31084393,49.258,-123.062,-123.062  49.258,200379.5933
2021S051259151427,43.55306125,49.261,-123.063,-123.063  49.261,116237.8754
2021S051259151428,43.29184868,49.263,-123.064,-123.064  49.263,72399.54927
2021S051259151429,38.14780186,49.266,-123.062,-123.062  49.266,99700.42897
2021S051259151430,35.6944747,49.265,-123.06,-123.06  49.265,68687.83528
2021S051259151432,52.02424467,49.268,-123.052,-123.052  49.268,123097.1444
2021S051259151433,45.30879375,49.27,-123.059,-123.059  49.27,72215.19937
2021S051259151434,38.6705263,49.272,-123.06,-123.06  49.272,86570.58488
2021S051259151435,39.18309867,49.271,-123.064,-123.064  49.271,66189.58172
2021S051259151436,40.31995643,49.269,-123.062,-123.062  49.269,70834.75821
2021S051259151437,32.52409509,49.267,-123.065,-123.065  49.267,56887.65897
2021S051259151438,36.94958393,49.269,-123.068,-123.068  49.269,56236.40123
2021S051259151439,48.88846514,49.26,-123.047,-123.047  49.26,175799.3586
2021S051259151440,46.2873359,49.256,-123.048,-123.048  49.256,70027.65941
2021S051259151441,54.11168082,49.256,-123.046,-123.046  49.256,92858.27458
2021S051259151442,48.25207559,49.257,-123.042,-123.042  49.257,112345.0162
2021S051259151443,54.57118243,49.26,-123.039,-123.039  49.26,399926.4234
2021S051259151444,51.89471571,49.259,-123.028,-123.028  49.259,541375.0531
2021S051259151448,57.2391482,49.252,-123.047,-123.047  49.252,144345.8612
2021S051259151449,50.74146406,49.249,-123.046,-123.046  49.249,77722.52143
2021S051259151450,54.88970587,49.247,-123.044,-123.044  49.247,158733.9188
2021S051259151451,44.95804924,49.246,-123.047,-123.047  49.246,101753.5344
2021S051259151452,50.54616337,49.243,-123.042,-123.042  49.243,87450.21876
2021S051259151453,47.52079886,49.242,-123.044,-123.044  49.242,84772.90747
2021S051259151454,48.41620928,49.24,-123.04,-123.04  49.24,61542.47439
2021S051259151455,53.25903383,49.239,-123.044,-123.044  49.239,78274.65872
2021S051259151456,58.40680641,49.243,-123.048,-123.048  49.243,148741.2078
2021S051259151457,57.72272269,49.238,-123.046,-123.046  49.238,78068.78091
2021S051259151458,49.28446904,49.237,-123.043,-123.043  49.237,69077.76048
2021S051259151459,52.76109537,49.237,-123.04,-123.04  49.237,66219.43081
2021S051259151460,58.28366626,49.236,-123.037,-123.037  49.236,64304.37075
2021S051259151461,55.23073581,49.239,-123.037,-123.037  49.239,64866.92734
2021S051259151463,55.98738521,49.235,-123.032,-123.032  49.235,41532.48112
2021S051259151464,52.19787513,49.234,-123.033,-123.033  49.234,59108.39019
2021S051259151465,56.22636947,49.233,-123.03,-123.03  49.233,50782.97726
2021S051259151467,33.82873951,49.237,-123.029,-123.029  49.237,15037.72069
2021S051259151469,53.47315394,49.231,-123.025,-123.025  49.231,86956.25919
2021S051259151470,45.78776405,49.231,-123.029,-123.029  49.231,78029.42054
2021S051259151471,42.39162305,49.231,-123.033,-123.033  49.231,106220.7496
2021S051259151472,57.78331011,49.232,-123.036,-123.036  49.232,80456.761
2021S051259151473,48.24354311,49.23,-123.037,-123.037  49.23,85643.29951
2021S051259151474,53.95684763,49.229,-123.037,-123.037  49.229,85389.13705
2021S051259151475,55.14409422,49.227,-123.037,-123.037  49.227,113839.8056
2021S051259151476,50.19319269,49.227,-123.03,-123.03  49.227,164190.1006
2021S051259151477,52.71200304,49.227,-123.026,-123.026  49.227,139191.6438
2021S051259151478,53.13443744,49.226,-123.045,-123.045  49.226,318691.7329
2021S051259151479,58.07923511,49.231,-123.042,-123.042  49.231,86075.29767
2021S051259151483,54.24902604,49.234,-123.042,-123.042  49.234,66657.33672
2021S051259151484,54.60987318,49.234,-123.039,-123.039  49.234,84658.65764
2021S051259151485,57.53894367,49.268,-123.036,-123.036  49.268,140687.6006
2021S051259151486,57.18775914,49.268,-123.032,-123.032  49.268,86661.01995
2021S051259152941,60.78260483,49.205,-123.031,-123.031  49.205,709352.5642
2021S051259152942,47.84538888,49.211,-123.036,-123.036  49.211,668149.8827
2021S051259152943,45.15655574,49.215,-123.037,-123.037  49.215,133942.9953
2021S051259152944,46.5385322,49.216,-123.039,-123.039  49.216,80970.59034
2021S051259152945,49.73687549,49.218,-123.036,-123.036  49.218,268134.8244
2021S051259152946,54.68753387,49.22,-123.029,-123.029  49.22,165773.6132
2021S051259153075,47.52070333,49.241,-123.026,-123.026  49.241,90790.96596
2021S051259153076,37.55328401,49.244,-123.025,-123.025  49.244,50164.22526
2021S051259153077,42.06492802,49.243,-123.029,-123.029  49.243,65094.84701
2021S051259153078,50.64689566,49.246,-123.026,-123.026  49.246,102179.2064
2021S051259153079,51.51057607,49.245,-123.031,-123.031  49.245,73465.66954
2021S051259153080,54.73413355,49.247,-123.031,-123.031  49.247,71517.9178
2021S051259153081,47.65398941,49.219,-123.053,-123.053  49.219,74342.43425
2021S051259153082,40.68709323,49.216,-123.053,-123.053  49.216,86144.65212
2021S051259153083,36.88941357,49.214,-123.057,-123.057  49.214,161575.9091
2021S051259153084,49.47753218,49.216,-123.086,-123.086  49.216,122815.75
2021S051259153085,47.43393258,49.218,-123.087,-123.087  49.218,56091.00142
2021S051259153086,55.96290981,49.219,-123.085,-123.085  49.219,63784.11998
2021S051259153087,59.17226499,49.22,-123.088,-123.088  49.22,86704.10332
2021S051259153088,48.76317289,49.221,-123.086,-123.086  49.221,116750.9121
2021S051259153089,50.91177677,49.223,-123.087,-123.087  49.223,84950.93875
2021S051259153090,54.87064479,49.22,-123.093,-123.093  49.22,77750.29927
2021S051259153091,50.09391077,49.218,-123.094,-123.094  49.218,63224.95953
2021S051259153092,58.60659103,49.217,-123.095,-123.095  49.217,58414.3925
2021S051259153093,53.45719802,49.214,-123.097,-123.097  49.214,96119.12611
2021S051259153094,42.55451725,49.215,-123.1,-123.1  49.215,49877.01258
2021S051259153095,50.34667363,49.212,-123.1,-123.1  49.212,75453.40891
2021S051259153096,51.07286608,49.213,-123.104,-123.104  49.213,84005.40891
2021S051259153097,40.69522416,49.209,-123.11,-123.11  49.209,887602.0887
2021S051259153098,44.16511031,49.207,-123.12,-123.12  49.207,171443.4629
2021S051259153123,38.17580363,49.269,-123.156,-123.156  49.269,34254.1794
2021S051259153124,43.00543142,49.27,-123.156,-123.156  49.27,16977.23186
2021S051259153132,43.73731181,49.265,-123.136,-123.136  49.265,120225.6141
2021S051259153133,36.0379121,49.264,-123.131,-123.131  49.264,68776.58585
2021S051259153134,41.05994842,49.263,-123.133,-123.133  49.263,35934.1276
2021S051259153135,37.76641208,49.262,-123.13,-123.13  49.262,54294.04091
2021S051259153136,38.69698546,49.262,-123.128,-123.128  49.262,53949.43708
2021S051259153137,36.34169662,49.261,-123.134,-123.134  49.261,34673.59175
2021S051259153138,35.27420123,49.263,-123.136,-123.136  49.263,55592.39508
2021S051259153139,39.29360493,49.262,-123.137,-123.137  49.262,36044.44083
2021S051259153140,38.87970344,49.262,-123.14,-123.14  49.262,75956.78018
2021S051259153144,33.54028803,49.265,-123.122,-123.122  49.265,43184.77158
2021S051259153151,36.35224551,49.262,-123.112,-123.112  49.262,109309.3798
2021S051259153152,37.06386509,49.262,-123.118,-123.118  49.262,133007.6628
2021S051259153153,43.67110198,49.259,-123.117,-123.117  49.259,49193.92015
2021S051259153154,42.39124599,49.258,-123.118,-123.118  49.258,75463.10919
2021S051259153155,34.43717533,49.259,-123.113,-123.113  49.259,79137.65843
2021S051259153156,32.53828125,49.259,-123.108,-123.108  49.259,41139.12061
2021S051259153157,32.54515587,49.26,-123.107,-123.107  49.26,66550.88247
2021S051259153158,34.24589722,49.262,-123.108,-123.108  49.262,80749.51999
2021S051259153159,36.63431871,49.262,-123.103,-123.103  49.262,73761.39313
2021S051259153160,40.28278607,49.26,-123.103,-123.103  49.26,72056.71317
2021S051259153161,33.84335131,49.258,-123.104,-123.104  49.258,42495.08906
2021S051259153162,41.5005355,49.257,-123.103,-123.103  49.257,29595.07474
2021S051259153163,37.76261893,49.264,-123.103,-123.103  49.264,81884.50959
2021S051259153164,43.82039123,49.267,-123.099,-123.099  49.267,99179.64092
2021S051259153165,45.89289103,49.265,-123.097,-123.097  49.265,32679.43535
2021S051259153166,37.10024443,49.256,-123.118,-123.118  49.256,110521.6725
2021S051259153167,27.55442353,49.253,-123.122,-123.122  49.253,169487.9555
2021S051259153168,45.98323292,49.274,-123.101,-123.101  49.274,29879.83799
2021S051259153171,37.33515498,49.278,-123.136,-123.136  49.278,67481.43583
2021S051259153172,36.83925451,49.277,-123.134,-123.134  49.277,20725.27361
2021S051259153181,48.57194901,49.285,-123.088,-123.088  49.285,819283.6934
2021S051259153182,79.32952081,49.282,-123.092,-123.092  49.282,14930.34761
2021S051259153183,46.83135751,49.282,-123.089,-123.089  49.282,78552.10252
2021S051259153184,65.10943081,49.28,-123.091,-123.091  49.28,77077.41174
2021S051259153185,46.03628464,49.28,-123.086,-123.086  49.28,52572.28698
2021S051259153186,38.94236527,49.279,-123.088,-123.088  49.279,69590.65295
2021S051259153187,95.08512218,49.279,-123.084,-123.084  49.279,56328.84422
2021S051259153188,52.23093365,49.275,-123.084,-123.084  49.275,162855.1788
2021S051259153189,42.87613607,49.279,-123.08,-123.08  49.279,223785.3844
2021S051259153190,48.40876679,49.279,-123.074,-123.074  49.279,200991.6832
2021S051259153191,39.04142505,49.278,-123.071,-123.071  49.278,56371.30212
2021S051259153192,57.23058126,49.278,-123.069,-123.069  49.278,30220.10038
2021S051259153193,48.7468232,49.277,-123.067,-123.067  49.277,49004.52744
2021S051259153194,43.44381939,49.279,-123.067,-123.067  49.279,19893.0504
2021S051259153195,39.52672352,49.28,-123.067,-123.067  49.28,20308.2257
2021S051259153196,57.93657337,49.28,-123.069,-123.069  49.28,32195.99658
2021S051259153197,69.00855379,49.285,-123.072,-123.072  49.285,719766.3972
2021S051259153198,41.98845879,49.284,-123.063,-123.063  49.284,70447.08819
2021S051259153199,47.39127612,49.283,-123.062,-123.062  49.283,28613.87711
2021S051259153200,42.07475121,49.281,-123.063,-123.063  49.281,129037.9271
2021S051259153201,47.26751851,49.282,-123.058,-123.058  49.282,61807.44668
2021S051259153202,45.21309336,49.284,-123.06,-123.06  49.284,27814.96444
2021S051259153203,51.15126466,49.285,-123.06,-123.06  49.285,28456.20515
2021S051259153204,53.71597738,49.286,-123.06,-123.06  49.286,30321.74523
2021S051259153205,53.13843345,49.286,-123.057,-123.057  49.286,26768.49398
2021S051259153206,41.82876254,49.288,-123.059,-123.059  49.288,33939.76677
2021S051259153207,44.3108264,49.289,-123.058,-123.058  49.289,40314.17609
2021S051259153208,47.59458361,49.289,-123.06,-123.06  49.289,249823.0608
2021S051259153209,41.57209441,49.289,-123.056,-123.056  49.289,72086.37339
2021S051259153210,42.86947163,49.289,-123.053,-123.053  49.289,98268.29763
2021S051259153211,43.5124445,49.288,-123.051,-123.051  49.288,85975.59962
2021S051259153212,47.73151952,49.287,-123.048,-123.048  49.287,83392.04486
2021S051259153213,46.8451921,49.288,-123.046,-123.046  49.288,126642.6862
2021S051259153214,40.06596455,49.291,-123.047,-123.047  49.291,208260.515
2021S051259153215,43.59191762,49.286,-123.038,-123.038  49.286,1446418.335
2021S051259153216,48.84363541,49.283,-123.047,-123.047  49.283,138052.8638
2021S051259153217,44.03358832,49.284,-123.05,-123.05  49.284,115507.3353
2021S051259153218,47.62408321,49.283,-123.054,-123.054  49.283,105457.5701
2021S051259153219,45.5179764,49.284,-123.056,-123.056  49.284,45940.92447
2021S051259153220,42.10764888,49.286,-123.054,-123.054  49.286,72253.06865
2021S051259153221,45.01113645,49.279,-123.053,-123.053  49.279,77860.81784
2021S051259153222,52.12429927,49.28,-123.057,-123.057  49.28,129777.1316
2021S051259153223,33.5969847,49.279,-123.062,-123.062  49.279,127757.4211
2021S051259153224,46.17816794,49.279,-123.05,-123.05  49.279,138244.9303
2021S051259153225,52.44728335,49.277,-123.048,-123.048  49.277,115518.3262
2021S051259153226,47.26172993,49.275,-123.049,-123.049  49.275,105634.3928
2021S051259153227,54.15549706,49.279,-123.044,-123.044  49.279,104384.5962
2021S051259153228,42.49895873,49.276,-123.042,-123.042  49.276,88304.3825
2021S051259153229,50.64880127,49.277,-123.036,-123.036  49.277,79603.18217
2021S051259153230,48.00780923,49.279,-123.034,-123.034  49.279,178008.7107
2021S051259153231,33.49984385,49.276,-123.068,-123.068  49.276,56410.24118
2021S051259153232,33.10984257,49.275,-123.073,-123.073  49.275,185642.4279
2021S051259153246,38.53105082,49.281,-123.125,-123.125  49.281,17376.65158
2021S051259153249,30.74238092,49.244,-123.108,-123.108  49.244,310819.8187
2021S051259153250,28.3129471,49.24,-123.112,-123.112  49.24,709917.3044
2021S051259153251,33.67457241,49.248,-123.111,-123.111  49.248,162929.1552
2021S051259153252,33.96421528,49.25,-123.107,-123.107  49.25,121386.1217
2021S051259153253,15.50131356,49.254,-123.143,-123.143  49.254,356338.4827
2021S051259153254,13.62588274,49.255,-123.148,-123.148  49.255,249890.7944
2021S051259153255,28.93472529,49.254,-123.153,-123.153  49.254,200337.2012
2021S051259153256,31.26054527,49.258,-123.151,-123.151  49.258,88493.16542
2021S051259153257,30.53698069,49.259,-123.148,-123.148  49.259,89722.07794
2021S051259153258,37.70681734,49.263,-123.148,-123.148  49.263,89793.98763
2021S051259153259,40.52416082,49.265,-123.149,-123.149  49.265,34118.34748
2021S051259153261,42.29197694,49.222,-123.111,-123.111  49.222,720440.824
2021S051259153262,43.51990491,49.22,-123.118,-123.118  49.22,65339.24037
2021S051259153263,44.53233554,49.217,-123.12,-123.12  49.217,200037.9893
2021S051259153264,35.84465818,49.216,-123.122,-123.122  49.216,86145.82258
2021S051259153265,39.92862618,49.214,-123.124,-123.124  49.214,106015.9438
2021S051259153266,36.04071909,49.216,-123.127,-123.127  49.216,236538.8596
2021S051259153267,42.41732923,49.22,-123.124,-123.124  49.22,173062.4625
2021S051259153268,33.92644832,49.215,-123.131,-123.131  49.215,99416.15967
2021S051259153269,32.34072942,49.218,-123.132,-123.132  49.218,123063.8638
2021S051259153270,30.10227641,49.214,-123.135,-123.135  49.214,88382.73152
2021S051259153271,29.87952079,49.218,-123.137,-123.137  49.218,137820.5633
2021S051259153272,38.87932117,49.215,-123.139,-123.139  49.215,92097.79331
2021S051259153273,41.67293265,49.212,-123.137,-123.137  49.212,112731.9761
2021S051259153274,42.58497257,49.21,-123.137,-123.137  49.21,112867.623
2021S051259153275,44.76522893,49.208,-123.138,-123.138  49.208,38944.90529
2021S051259153276,41.87623755,49.211,-123.133,-123.133  49.211,100584.2069
2021S051259153277,37.45590897,49.21,-123.132,-123.132  49.21,50526.60073
2021S051259153278,39.1182411,49.21,-123.129,-123.129  49.21,50752.15503
2021S051259153279,29.39636465,49.212,-123.127,-123.127  49.212,99162.87269
2021S051259153280,42.77734256,49.22,-123.104,-123.104  49.22,88529.05855
2021S051259153281,46.03270846,49.221,-123.102,-123.102  49.221,77649.74307
2021S051259153282,60.38786424,49.224,-123.069,-123.069  49.224,143149.7417
2021S051259153283,56.42548794,49.221,-123.069,-123.069  49.221,101207.6365
2021S051259153284,53.28454667,49.222,-123.064,-123.064  49.222,76579.3986
2021S051259153285,48.40545789,49.222,-123.061,-123.061  49.222,75131.63359
2021S051259153286,49.85882717,49.226,-123.062,-123.062  49.226,61522.62007
2021S051259153287,55.44277273,49.224,-123.062,-123.062  49.224,108013.4306
2021S051259153288,63.66395348,49.227,-123.066,-123.066  49.227,91131.88155
2021S051259153289,54.63548605,49.228,-123.062,-123.062  49.228,82763.54089
2021S051259153290,50.56153993,49.229,-123.063,-123.063  49.229,89081.74283
2021S051259153291,58.29984511,49.232,-123.064,-123.064  49.232,97817.37568
2021S051259153292,61.26019864,49.231,-123.06,-123.06  49.231,100699.6664
2021S051259153293,47.92183785,49.234,-123.06,-123.06  49.234,80983.45614
2021S051259153295,46.26337871,49.227,-123.057,-123.057  49.227,190789.399
2021S051259153296,54.95007441,49.234,-123.064,-123.064  49.234,82154.90814
2021S051259153297,59.60281824,49.234,-123.068,-123.068  49.234,90734.4222
2021S051259153298,54.07108575,49.236,-123.066,-123.066  49.236,85570.24116
2021S051259153299,49.48282733,49.235,-123.07,-123.07  49.235,69484.74028
2021S051259153300,52.94208541,49.238,-123.064,-123.064  49.238,72954.49201
2021S051259153301,51.9767331,49.237,-123.06,-123.06  49.237,58193.15105
2021S051259153302,52.22428807,49.239,-123.061,-123.061  49.239,53155.93714
2021S051259153303,60.3109214,49.24,-123.063,-123.063  49.24,62952.68628
2021S051259153304,50.16916669,49.242,-123.061,-123.061  49.242,77314.38717
2021S051259153305,52.48435187,49.243,-123.065,-123.065  49.243,95916.63132
2021S051259153306,56.59316443,49.244,-123.059,-123.059  49.244,133314.404
2021S051259153307,46.50955489,49.246,-123.063,-123.063  49.246,71959.02351
2021S051259153308,52.31451466,49.247,-123.059,-123.059  49.247,93163.30545
2021S051259153370,40.86740365,49.28,-123.134,-123.134  49.28,24122.29344
2021S051259153371,49.75107232,49.279,-123.135,-123.135  49.279,24932.61869
2021S051259153372,45.02946978,49.284,-123.14,-123.14  49.284,30594.99674
2021S051259153373,44.31206242,49.285,-123.139,-123.139  49.285,31702.22688
2021S051259153394,44.85538311,49.291,-123.144,-123.144  49.291,57104.61959
2021S051259153400,47.15389568,49.28,-123.138,-123.138  49.28,46849.89186
2021S051259153464,39.30468298,49.28,-123.122,-123.122  49.28,66666.40992
2021S051259153466,35.70572715,49.287,-123.112,-123.112  49.287,347750.8298
2021S051259153467,41.48601672,49.278,-123.12,-123.12  49.278,16985.81734
2021S051259153469,42.79465488,49.273,-123.122,-123.122  49.273,33946.75612
2021S051259153470,36.56152359,49.276,-123.121,-123.121  49.276,73912.29284
2021S051259153471,40.45725909,49.274,-123.119,-123.119  49.274,31565.71445
2021S051259153472,32.97349696,49.275,-123.118,-123.118  49.275,16620.28165
2021S051259153473,34.98661025,49.275,-123.116,-123.116  49.275,17675.45421
2021S051259153474,36.44858344,49.274,-123.116,-123.116  49.274,15324.99199
2021S051259153476,36.80094562,49.29,-123.129,-123.129  49.29,26031.12437
2021S051259153477,22.07071062,49.291,-123.13,-123.13  49.291,8113.400489
2021S051259153479,40.07173545,49.287,-123.128,-123.128  49.287,33783.22004
2021S051259153480,37.28565124,49.288,-123.128,-123.128  49.288,8866.536299
2021S051259153481,37.08586111,49.289,-123.127,-123.127  49.289,14856.74172
2021S051259153482,34.52241543,49.287,-123.126,-123.126  49.287,9717.851745
2021S051259153483,30.63166238,49.285,-123.124,-123.124  49.285,75938.04684
2021S051259153490,50.73333845,49.207,-123.052,-123.052  49.207,98015.28793
2021S051259153491,44.63809867,49.207,-123.045,-123.045  49.207,54193.49608
2021S051259153492,37.18847977,49.206,-123.048,-123.048  49.206,118199.4112
2021S051259153498,58.63575303,49.237,-123.035,-123.035  49.237,84803.62509
2021S051259153499,52.54776503,49.237,-123.031,-123.031  49.237,16511.91722
2021S051259153500,36.01567134,49.236,-123.032,-123.032  49.236,33943.7254
2021S051259153539,48.5634236,49.215,-123.028,-123.028  49.215,167804.2224
2021S051259153540,45.89103401,49.216,-123.026,-123.026  49.216,99130.43896
2021S051259153552,49.92668866,49.204,-123.138,-123.138  49.204,249096.4084
2021S051259153553,49.47755107,49.206,-123.138,-123.138  49.206,31656.02707
2021S051259153562,34.07679467,49.272,-123.118,-123.118  49.272,53356.61859
2021S051259153569,25.57713125,49.278,-123.224,-123.224  49.278,146.181394
2021S051259153578,38.96154307,49.286,-123.104,-123.104  49.286,385245.7222
2021S051259153579,53.41414662,49.284,-123.101,-123.101  49.284,16612.66652
2021S051259153580,51.9248318,49.283,-123.104,-123.104  49.283,40538.06882
2021S051259153581,44.64682288,49.282,-123.101,-123.101  49.282,38754.65436
2021S051259153582,59.69062813,49.282,-123.105,-123.105  49.282,37067.89866
2021S051259153583,45.46354761,49.281,-123.106,-123.106  49.281,39685.83182
2021S051259153585,64.53621764,49.28,-123.102,-123.102  49.28,127778.7609
2021S051259153586,28.90933708,49.302,-123.142,-123.142  49.302,4126541.311
2021S051259153587,38.95230811,49.293,-123.137,-123.137  49.293,15247.10078
2021S051259153588,45.40363524,49.292,-123.137,-123.137  49.292,32861.89202
2021S051259153589,42.68532515,49.291,-123.139,-123.139  49.291,32757.86241
2021S051259153590,39.58215563,49.29,-123.139,-123.139  49.29,17579.81833
2021S051259153591,42.0977639,49.292,-123.141,-123.141  49.292,38445.12958
2021S051259153633,46.13914697,49.204,-123.023,-123.023  49.204,1141.322446
2021S051259153668,43.89982107,49.287,-123.13,-123.13  49.287,15893.58972
2021S051259153669,37.7724896,49.286,-123.128,-123.128  49.286,17106.08825
2021S051259153670,40.84906746,49.285,-123.129,-123.129  49.285,16828.1302
2021S051259153671,36.26293564,49.286,-123.131,-123.131  49.286,15690.47333
2021S051259153672,44.22675635,49.286,-123.132,-123.132  49.286,16038.76361
2021S051259153673,38.80740627,49.285,-123.13,-123.13  49.285,17891.02523
2021S051259153674,42.66649572,49.284,-123.131,-123.131  49.284,17264.81505
2021S051259153675,40.26797831,49.283,-123.133,-123.133  49.283,17677.04085
2021S051259153676,41.59700791,49.285,-123.133,-123.133  49.285,31000.83383
2021S051259153677,28.19214466,49.284,-123.135,-123.135  49.284,15359.1687
2021S051259153678,44.40182877,49.283,-123.134,-123.134  49.283,17426.1003
2021S051259153679,46.247449,49.282,-123.131,-123.131  49.282,72116.73692
2021S051259153680,51.50022651,49.284,-123.129,-123.129  49.284,25505.03568
2021S051259153681,41.52324073,49.284,-123.128,-123.128  49.284,23778.1888
2021S051259153682,39.1963877,49.284,-123.125,-123.125  49.284,52568.02224
2021S051259153683,37.67733235,49.283,-123.126,-123.126  49.283,39713.72456
2021S051259153684,44.58755289,49.281,-123.129,-123.129  49.281,68045.84673
2021S051259153685,40.12199811,49.272,-123.141,-123.141  49.272,15792.24091
2021S051259153686,40.66413359,49.272,-123.14,-123.14  49.272,243809.6659
2021S051259153687,34.46571803,49.267,-123.137,-123.137  49.267,70838.87915
2021S051259153688,44.69325251,49.268,-123.135,-123.135  49.268,40117.05723
2021S051259153689,42.75196376,49.268,-123.129,-123.129  49.268,300180.8994
2021S051259153690,40.84571442,49.267,-123.121,-123.121  49.267,27900.3548
2021S051259153691,41.57560774,49.267,-123.117,-123.117  49.267,76916.67459
2021S051259153692,46.21936613,49.269,-123.116,-123.116  49.269,75777.80032
2021S051259153799,39.71079301,49.212,-123.063,-123.063  49.212,60215.38174
2021S051259153800,44.21447093,49.211,-123.06,-123.06  49.211,101639.4159
2021S051259153801,49.63650769,49.214,-123.067,-123.067  49.214,83004.86702
2021S051259153805,40.98587596,49.217,-123.069,-123.069  49.217,139819.998
2021S051259153806,44.137281,49.213,-123.069,-123.069  49.213,102286.9312
2021S051259153807,50.49353776,49.219,-123.082,-123.082  49.219,54732.61002
2021S051259153809,51.97550517,49.22,-123.076,-123.076  49.22,120159.4932
2021S051259153810,18.3129456,49.246,-123.161,-123.161  49.246,111696.812
2021S051259153812,27.34948434,49.243,-123.158,-123.158  49.243,312690.7918
2021S051259153814,42.57051621,49.244,-123.078,-123.078  49.244,64189.71879
2021S051259153815,45.36525524,49.242,-123.081,-123.081  49.242,91948.74647
2021S051259153816,42.37516954,49.248,-123.084,-123.084  49.248,59599.0921
2021S051259153818,47.95390286,49.247,-123.076,-123.076  49.247,135430.077
2021S051259153821,44.2852758,49.263,-123.06,-123.06  49.263,71599.14812
2021S051259153825,49.31845439,49.266,-123.056,-123.056  49.266,115602.9463
2021S051259153826,37.17129293,49.267,-123.058,-123.058  49.267,104169.0807
2021S051259153831,46.1349502,49.233,-123.027,-123.027  49.233,77161.55844
2021S051259153833,31.57003467,49.272,-123.123,-123.123  49.272,69282.08004
2021S051259153835,35.8297728,49.291,-123.135,-123.135  49.291,17698.46118
2021S051259153836,30.18546607,49.291,-123.134,-123.134  49.291,17952.07299
2021S051259153838,36.3477673,49.289,-123.131,-123.131  49.289,26615.32819
2021S051259153839,58.17634406,49.289,-123.133,-123.133  49.289,87637.36415
2021S051259153843,42.00572974,49.278,-123.118,-123.118  49.278,49559.17183
2021S051259153847,47.35204902,49.277,-123.125,-123.125  49.277,49257.99971
2021S051259153849,44.58178522,49.28,-123.127,-123.127  49.28,34731.5076
2021S051259153851,33.09411463,49.279,-123.127,-123.127  49.279,15732.3792
2021S051259153852,47.23276534,49.277,-123.129,-123.129  49.277,49510.86939
2021S051259153955,39.39189568,49.287,-123.14,-123.14  49.287,35632.28152
2021S051259153956,42.06006359,49.287,-123.137,-123.137  49.287,47929.54018
2021S051259153986,43.92590049,49.292,-123.132,-123.132  49.292,52197.05459
2021S051259153987,44.25277855,49.291,-123.129,-123.129  49.291,71879.35849
2021S051259153988,35.72885709,49.262,-123.157,-123.157  49.262,53002.86317
2021S051259153989,32.44302405,49.263,-123.154,-123.154  49.263,35661.98557
2021S051259153990,36.48178144,49.261,-123.154,-123.154  49.261,36441.68005
2021S051259153991,40.36256954,49.262,-123.151,-123.151  49.262,110019.9345
2021S051259153994,35.215788,49.29,-123.125,-123.125  49.29,26914.90357
2021S051259153995,29.30243625,49.288,-123.12,-123.12  49.288,71584.4978
2021S051259153996,35.51539393,49.289,-123.123,-123.123  49.289,12982.50148
2021S051259153997,27.71620127,49.29,-123.119,-123.119  49.29,158469.1027
2021S051259154000,47.31285535,49.276,-123.11,-123.11  49.276,376770.7807
2021S051259154002,42.76866246,49.276,-123.101,-123.101  49.276,34049.80761
2021S051259154012,39.96966131,49.234,-123.206,-123.206  49.234,866290.9608
2021S051259154013,58.34566272,49.227,-123.201,-123.201  49.227,777197.0445
2021S051259154026,39.9114168,49.281,-123.113,-123.113  49.281,33999.09354
2021S051259154027,37.34693937,49.279,-123.115,-123.115  49.279,84791.32806
2021S051259154090,26.13958696,49.261,-123.215,-123.215  49.261,6285.631365
2021S051259154105,39.36293217,49.248,-123.209,-123.209  49.248,83337.23472
2021S051259154134,51.39842843,49.278,-123.123,-123.123  49.278,49880.6459
2021S051259154135,33.91587833,49.277,-123.121,-123.121  49.277,16611.82673
2021S051259154136,47.26298307,49.235,-123.029,-123.029  49.235,19010.37915
2021S051259154137,50.81458673,49.236,-123.028,-123.028  49.236,16111.61213
2021S051259154138,45.02382974,49.235,-123.026,-123.026  49.235,30959.66539
2021S051259154139,44.39189787,49.233,-123.024,-123.024  49.233,24160.21421
2021S051259154140,37.7079741,49.275,-123.132,-123.132  49.275,70640.46786
2021S051259154141,35.36499187,49.273,-123.129,-123.129  49.273,79552.52464
2021S051259154142,35.16239103,49.272,-123.126,-123.126  49.272,68077.78949
2021S051259154143,35.43199419,49.282,-123.121,-123.121  49.282,138096.392
2021S051259154144,31.6607828,49.28,-123.118,-123.118  49.28,32587.19783
2021S051259154145,33.95699562,49.28,-123.117,-123.117  49.28,34021.66776
2021S051259154146,32.01255446,49.284,-123.117,-123.117  49.284,206228.3678
2021S051259154147,42.12121887,49.276,-123.126,-123.126  49.276,16799.91003
2021S051259154148,38.05643731,49.276,-123.126,-123.126  49.276,15911.34027
2021S051259154149,30.00301267,49.275,-123.125,-123.125  49.275,16420.62046
2021S051259154150,35.58378664,49.227,-123.103,-123.103  49.227,50670.38966
2021S051259154152,42.04775301,49.23,-123.103,-123.103  49.23,42419.29453
2021S051259154154,50.75354462,49.232,-123.104,-123.104  49.232,74492.69816
2021S051259154156,46.0716629,49.249,-123.076,-123.076  49.249,48477.47026
2021S051259154157,49.37858499,49.251,-123.075,-123.075  49.251,64812.39523
2021S051259154158,47.43385418,49.252,-123.081,-123.081  49.252,65457.93624
2021S051259154159,47.96912222,49.253,-123.08,-123.08  49.253,32597.89283
2021S051259154164,39.26254161,49.266,-123.148,-123.148  49.266,49178.51164
2021S051259154165,35.67256132,49.268,-123.142,-123.142  49.268,234570.6177
2021S051259154166,32.98980307,49.266,-123.147,-123.147  49.266,16220.52419
2021S051259154167,38.0886085,49.266,-123.143,-123.143  49.266,32184.0909
2021S051259154168,34.87745238,49.265,-123.147,-123.147  49.265,33680.4781
2021S051259154169,34.17638482,49.265,-123.142,-123.142  49.265,119663.682
2021S051259154172,39.70449047,49.264,-123.118,-123.118  49.264,122671.3066
2021S051259154173,33.40179347,49.266,-123.108,-123.108  49.266,562717.4346
2021S051259154174,86.81494876,49.27,-123.108,-123.108  49.27,402500.0232
2021S051259154177,63.72345885,49.235,-123.044,-123.044  49.235,75433.81652
2021S051259154180,47.65491571,49.231,-123.057,-123.057  49.231,75397.83772
2021S051259154181,56.67544701,49.282,-123.11,-123.11  49.282,47319.06365
2021S051259154182,43.06628677,49.283,-123.109,-123.109  49.283,48088.3271
2021S051259154183,46.41287462,49.28,-123.112,-123.112  49.28,70778.56924
2021S051259154184,45.05024828,49.279,-123.111,-123.111  49.279,30182.32922
2021S051259154185,40.52430094,49.28,-123.109,-123.109  49.28,39148.08123
2021S051259154186,24.59263377,49.278,-123.109,-123.109  49.278,28147.70728
2021S051259154187,37.78832819,49.279,-123.105,-123.105  49.279,116694.7075
2021S051259154188,46.59285613,49.227,-123.1,-123.1  49.227,108399.756
2021S051259154189,37.40968053,49.231,-123.1,-123.1  49.231,73737.68994
2021S051259154190,41.083212,49.254,-123.087,-123.087  49.254,106202.6703
2021S051259154191,44.46187342,49.255,-123.083,-123.083  49.255,143543.7295
2021S051259154192,34.78412688,49.265,-123.129,-123.129  49.265,64147.84981
2021S051259154193,40.22779918,49.264,-123.124,-123.124  49.264,84714.22146
2021S051259154194,51.12264748,49.235,-123.047,-123.047  49.235,97291.90532
2021S051259154195,48.82041857,49.231,-123.045,-123.045  49.231,123987.181
2021S051259154196,50.09328275,49.235,-123.056,-123.056  49.235,143577.6164
